graph;language;datetime;status;hash
Tourism;el;20260101_020033;0;19abe78ad38bfb3dbef072dccdff65436575740eeec76e2cf9d8c09583cdb19c
Tourism;el;20251231_015040;0;19abe78ad38bfb3dbef072dccdff65436575740eeec76e2cf9d8c09583cdb19c
Tourism;el;20251230_015010;0;19abe78ad38bfb3dbef072dccdff65436575740eeec76e2cf9d8c09583cdb19c
Tourism;el;20251229_015808;0;19abe78ad38bfb3dbef072dccdff65436575740eeec76e2cf9d8c09583cdb19c
Tourism;el;20251228_015948;0;19abe78ad38bfb3dbef072dccdff65436575740eeec76e2cf9d8c09583cdb19c
Tourism;el;20251227_014653;0;19abe78ad38bfb3dbef072dccdff65436575740eeec76e2cf9d8c09583cdb19c
Tourism;el;20251226_014901;1;19abe78ad38bfb3dbef072dccdff65436575740eeec76e2cf9d8c09583cdb19c
Tourism;el;20251225_014927;0;5734ea1ab637803b1034d597cf2064c81e04f2e5501f8aaad00991cffca4a541
Tourism;el;20251224_014738;0;5734ea1ab637803b1034d597cf2064c81e04f2e5501f8aaad00991cffca4a541
Tourism;el;20251223_014946;0;5734ea1ab637803b1034d597cf2064c81e04f2e5501f8aaad00991cffca4a541
Tourism;el;20251222_015452;0;5734ea1ab637803b1034d597cf2064c81e04f2e5501f8aaad00991cffca4a541
Tourism;el;20251221_015511;0;5734ea1ab637803b1034d597cf2064c81e04f2e5501f8aaad00991cffca4a541
Tourism;el;20251220_014330;0;5734ea1ab637803b1034d597cf2064c81e04f2e5501f8aaad00991cffca4a541
Tourism;el;20251219_014906;0;5734ea1ab637803b1034d597cf2064c81e04f2e5501f8aaad00991cffca4a541
Tourism;el;20251218_014639;1;5734ea1ab637803b1034d597cf2064c81e04f2e5501f8aaad00991cffca4a541
Tourism;el;20251217_014524;0;212090c59025a3b4823be10eeabd7ccbc8b2d63abe109b71d367481e53588824
Tourism;el;20251216_015218;0;212090c59025a3b4823be10eeabd7ccbc8b2d63abe109b71d367481e53588824
Tourism;el;20251215_015243;0;212090c59025a3b4823be10eeabd7ccbc8b2d63abe109b71d367481e53588824
Tourism;el;20251214_015513;0;212090c59025a3b4823be10eeabd7ccbc8b2d63abe109b71d367481e53588824
Tourism;el;20251213_014322;0;212090c59025a3b4823be10eeabd7ccbc8b2d63abe109b71d367481e53588824
Tourism;el;20251212_014923;0;212090c59025a3b4823be10eeabd7ccbc8b2d63abe109b71d367481e53588824
Tourism;el;20251211_015003;0;212090c59025a3b4823be10eeabd7ccbc8b2d63abe109b71d367481e53588824
Tourism;el;20251210_014849;0;212090c59025a3b4823be10eeabd7ccbc8b2d63abe109b71d367481e53588824
Tourism;el;20251209_014643;0;212090c59025a3b4823be10eeabd7ccbc8b2d63abe109b71d367481e53588824
Tourism;el;20251208_014706;0;212090c59025a3b4823be10eeabd7ccbc8b2d63abe109b71d367481e53588824
Tourism;el;20251207_015402;0;212090c59025a3b4823be10eeabd7ccbc8b2d63abe109b71d367481e53588824
Tourism;el;20251206_014054;0;212090c59025a3b4823be10eeabd7ccbc8b2d63abe109b71d367481e53588824
Tourism;el;20251205_014640;0;212090c59025a3b4823be10eeabd7ccbc8b2d63abe109b71d367481e53588824
Tourism;el;20251204_014609;0;212090c59025a3b4823be10eeabd7ccbc8b2d63abe109b71d367481e53588824
Tourism;el;20251203_014506;0;212090c59025a3b4823be10eeabd7ccbc8b2d63abe109b71d367481e53588824
Tourism;el;20251202_014605;0;212090c59025a3b4823be10eeabd7ccbc8b2d63abe109b71d367481e53588824
Tourism;el;20251201_020106;0;212090c59025a3b4823be10eeabd7ccbc8b2d63abe109b71d367481e53588824
Tourism;el;20251130_015350;0;212090c59025a3b4823be10eeabd7ccbc8b2d63abe109b71d367481e53588824
Tourism;el;20251129_014103;1;212090c59025a3b4823be10eeabd7ccbc8b2d63abe109b71d367481e53588824
Tourism;el;20251128_111536;0;b185526a496312c7b5497873320eef04e6a2eabb6f995f67169980bc1c7f86f8
Tourism;el;20251128_111323;1;b185526a496312c7b5497873320eef04e6a2eabb6f995f67169980bc1c7f86f8
Tourism;el;20251128_092831;1;212090c59025a3b4823be10eeabd7ccbc8b2d63abe109b71d367481e53588824
Tourism;el;20251128_092038;1;212090c59025a3b4823be10eeabd7ccbc8b2d63abe109b71d367481e53588824
Tourism;en;20260101_020033;0;bcac3338a63eed0af3a7d7fe0919a009a2937e030033e55417463fb25f19fdec
Tourism;en;20251231_015040;0;bcac3338a63eed0af3a7d7fe0919a009a2937e030033e55417463fb25f19fdec
Tourism;en;20251230_015010;0;bcac3338a63eed0af3a7d7fe0919a009a2937e030033e55417463fb25f19fdec
Tourism;en;20251229_015808;0;bcac3338a63eed0af3a7d7fe0919a009a2937e030033e55417463fb25f19fdec
Tourism;en;20251228_015948;0;bcac3338a63eed0af3a7d7fe0919a009a2937e030033e55417463fb25f19fdec
Tourism;en;20251227_014653;0;bcac3338a63eed0af3a7d7fe0919a009a2937e030033e55417463fb25f19fdec
Tourism;en;20251226_014901;1;bcac3338a63eed0af3a7d7fe0919a009a2937e030033e55417463fb25f19fdec
Tourism;en;20251225_014927;0;b642c293de68f1c74f0ca854d64094e439d0e28a3a814d71611c27cc86001fe8
Tourism;en;20251224_014738;0;b642c293de68f1c74f0ca854d64094e439d0e28a3a814d71611c27cc86001fe8
Tourism;en;20251223_014946;0;b642c293de68f1c74f0ca854d64094e439d0e28a3a814d71611c27cc86001fe8
Tourism;en;20251222_015452;0;b642c293de68f1c74f0ca854d64094e439d0e28a3a814d71611c27cc86001fe8
Tourism;en;20251221_015511;0;b642c293de68f1c74f0ca854d64094e439d0e28a3a814d71611c27cc86001fe8
Tourism;en;20251220_014330;0;b642c293de68f1c74f0ca854d64094e439d0e28a3a814d71611c27cc86001fe8
Tourism;en;20251219_014906;0;b642c293de68f1c74f0ca854d64094e439d0e28a3a814d71611c27cc86001fe8
Tourism;en;20251218_014639;1;b642c293de68f1c74f0ca854d64094e439d0e28a3a814d71611c27cc86001fe8
Tourism;en;20251217_014524;0;832b11eda0b7db6075dd1def5fdcec514501f10dc23a8f441434c12d825fb84e
Tourism;en;20251216_015218;0;832b11eda0b7db6075dd1def5fdcec514501f10dc23a8f441434c12d825fb84e
Tourism;en;20251215_015243;0;832b11eda0b7db6075dd1def5fdcec514501f10dc23a8f441434c12d825fb84e
Tourism;en;20251214_015513;0;832b11eda0b7db6075dd1def5fdcec514501f10dc23a8f441434c12d825fb84e
Tourism;en;20251213_014322;0;832b11eda0b7db6075dd1def5fdcec514501f10dc23a8f441434c12d825fb84e
Tourism;en;20251212_014923;0;832b11eda0b7db6075dd1def5fdcec514501f10dc23a8f441434c12d825fb84e
Tourism;en;20251211_015003;0;832b11eda0b7db6075dd1def5fdcec514501f10dc23a8f441434c12d825fb84e
Tourism;en;20251210_014849;0;832b11eda0b7db6075dd1def5fdcec514501f10dc23a8f441434c12d825fb84e
Tourism;en;20251209_014643;0;832b11eda0b7db6075dd1def5fdcec514501f10dc23a8f441434c12d825fb84e
Tourism;en;20251208_014706;0;832b11eda0b7db6075dd1def5fdcec514501f10dc23a8f441434c12d825fb84e
Tourism;en;20251207_015402;0;832b11eda0b7db6075dd1def5fdcec514501f10dc23a8f441434c12d825fb84e
Tourism;en;20251206_014054;0;832b11eda0b7db6075dd1def5fdcec514501f10dc23a8f441434c12d825fb84e
Tourism;en;20251205_014640;0;832b11eda0b7db6075dd1def5fdcec514501f10dc23a8f441434c12d825fb84e
Tourism;en;20251204_014609;0;832b11eda0b7db6075dd1def5fdcec514501f10dc23a8f441434c12d825fb84e
Tourism;en;20251203_014506;0;832b11eda0b7db6075dd1def5fdcec514501f10dc23a8f441434c12d825fb84e
Tourism;en;20251202_014605;0;832b11eda0b7db6075dd1def5fdcec514501f10dc23a8f441434c12d825fb84e
Tourism;en;20251201_020106;0;832b11eda0b7db6075dd1def5fdcec514501f10dc23a8f441434c12d825fb84e
Tourism;en;20251130_015350;0;832b11eda0b7db6075dd1def5fdcec514501f10dc23a8f441434c12d825fb84e
Tourism;en;20251129_014103;1;832b11eda0b7db6075dd1def5fdcec514501f10dc23a8f441434c12d825fb84e
Tourism;en;20251128_111536;0;a7d9b50a023e7ed76ad28c46bb156dcb3316813c98092cc0e324b5abafaf1337
Tourism;en;20251128_111323;1;a7d9b50a023e7ed76ad28c46bb156dcb3316813c98092cc0e324b5abafaf1337
Tourism;en;20251128_092831;1;832b11eda0b7db6075dd1def5fdcec514501f10dc23a8f441434c12d825fb84e
Tourism;en;20251128_092038;1;832b11eda0b7db6075dd1def5fdcec514501f10dc23a8f441434c12d825fb84e
